pid,name,username,cpu_percent,memory_percent,utime,stime,cutime,cstime
0,kernel_task,root,0.0,0.0,0.0,1849.013305344,0.0,0.0
1,launchd,root,0.0,0.12302398681640625,25.731721216,65.886101504,0.0,0.0
90,logd,root,0.0,0.16465187072753906,34.128744448,28.858912768,0.0,0.0
91,smd,root,0.0,0.019121170043945312,0.042820884,0.071476584,0.0,0.0
92,UserEventAgent,root,0.0,0.10800361633300781,3.906632192,6.036677632,0.0,0.0
95,uninstalld,root,0.0,0.021266937255859375,0.211376496,0.449788768,0.0,0.0
96,fseventsd,root,0.0,0.03948211669921875,28.676636672,34.181412864,0.0,0.0
97,mediaremoted,root,0.0,0.10585784912109375,0.827129024,1.846525184,0.0,0.0
98,systemstats,root,0.0,0.06780624389648438,0.779165888,3.173163776,0.0,0.0
100,configd,root,0.0,0.07677078247070312,2.089500416,2.819760384,0.0,0.0
101,endpointsecurityd,root,0.0,0.014781951904296875,0.007603596,0.023174512,0.0,0.0
102,powerd,root,0.0,0.07939338684082031,10.508691456,13.927199744,0.0,0.0
103,biomed,_biome,0.0,0.08482933044433594,1.916098304,1.094824576,0.0,0.0
105,amfid,root,0.0,0.03476142883300781,0.881563008,0.290733568,0.0,0.0
107,remoted,root,0.0,0.021839141845703125,0.01723212,0.055219152,0.0,0.0
109,keybagd,root,0.0,0.0179290771484375,0.009880631,0.040380368,0.0,0.0
110,softwareupdated,_softwareupdate,0.0,0.037288665771484375,0.08551116,0.1004884,0.0,0.0
112,watchdogd,root,0.0,0.02040863037109375,0.234661856,0.436336864,0.0,0.0
116,mds,root,0.0,0.17299652099609375,21.242406912,29.279485952,0.0,0.0
117,iconservicesd,_iconservices,0.0,0.0308990478515625,0.065623536,0.057802668,0.0,0.0
118,kernelmanagerd,root,0.0,0.04820823669433594,4.158848256,2.779370496,0.0,0.0
119,diskarbitrationd,root,0.0,0.030469894409179688,0.82501568,0.744471552,0.0,0.0
122,coreduetd,root,0.0,0.10132789611816406,17.991927808,1.975195264,0.0,0.0
123,syslogd,root,0.0,0.007915496826171875,0.69269184,1.600892032,0.0,0.0
126,thermalmonitord,root,0.0,0.009679794311523438,0.004598037,0.01817828,0.0,0.0
127,opendirectoryd,root,0.0,0.07953643798828125,13.78203136,12.470284288,0.0,0.0
128,apsd,root,0.0,0.11138916015625,1.912544512,1.338046848,0.0,0.0
130,launchservicesd,root,0.0,0.09088516235351562,40.763469824,16.23873024,0.0,0.0
131,timed,_timed,0.0,0.0377655029296875,0.135373776,0.262884336,0.0,0.0
132,usbmuxd,_usbmuxd,0.0,0.028562545776367188,0.089492544,0.1693128,0.0,0.0
133,securityd,root,0.0,0.045871734619140625,2.142647936,1.5040832,0.0,0.0
134,auditd,root,0.0,0.0095367431640625,0.004889041,0.009895001,0.0,0.0
138,autofsd,root,0.0,0.016832351684570312,0.006653452,0.019238388,0.0,0.0
139,displaypolicyd,_displaypolicyd,0.0,0.03151893615722656,0.02152636,0.074977368,0.0,0.0
140,dasd,root,0.0,0.11777877807617188,17.997764608,5.168640512,0.0,0.0
142,distnoted,_distnote,0.0,0.021839141845703125,4.308173312,2.451907072,0.0,0.0
143,AppleCredentialManagerDaemon,root,0.0,0.017976760864257812,0.011628823,0.037953464,0.0,0.0
145,dirhelper,root,0.0,0.002288818359375,0.005038662,0.014904484,0.0,0.0
146,logind,root,0.0,0.03418922424316406,0.02544294,0.06040656,0.0,0.0
147,revisiond,root,0.0,0.04334449768066406,0.177378576,0.316296768,0.0,0.0
148,KernelEventAgent,root,0.0,0.009965896606445312,0.005706901,0.014344439,0.0,0.0
149,usermanagerd,root,0.0,0.036716461181640625,3.712131328,1.983450496,0.0,0.0
151,bluetoothd,root,0.0,0.17404556274414062,58.278731776,26.742540288,0.0,0.0
152,notifyd,root,0.0,0.0240325927734375,16.344139776,15.253767168,0.0,0.0
153,sandboxd,root,0.0,0.034427642822265625,0.595623872,0.564401344,0.0,0.0
154,corebrightnessd,root,0.0,0.0835418701171875,1.621350016,1.220839552,0.0,0.0
155,AirPlayXPCHelper,root,0.0,0.06361007690429688,0.327780064,0.603374016,0.0,0.0
156,com.apple.cmio.registerassistantservice,root,0.0,0.09865760803222656,0.080303568,0.268439168,0.0,0.0
157,WindowServer,root,0.0,0.6398200988769531,1485.25350912,850.661343232,0.0,0.0
158,tccd,root,0.0,0.09670257568359375,30.136756224,23.223003136,0.0,0.0
159,cfprefsd,root,0.0,0.038909912109375,15.888510976,9.991047168,0.0,0.0
166,aslmanager,root,0.0,0.002193450927734375,0.006324865,0.017520052,0.0,0.0
167,analyticsd,_analyticsd,0.0,0.10251998901367188,5.881294336,4.578850816,0.0,0.0
187,loginwindow,root,0.0,0.4032135009765625,41.296121856,5.030138368,0.0,0.0
199,lsd,root,0.0,0.1297473907470703,1.634145664,0.631354624,0.0,0.0
201,coreservicesd,root,0.0,0.028133392333984375,0.74515552,1.027931904,0.0,0.0
202,contextstored,root,0.0,0.11663436889648438,7.279284736,3.644541952,0.0,0.0
203,backupd-helper,root,0.0,0.03204345703125,0.03174415,0.122139552,0.0,0.0
204,PowerUIAgent,root,0.0,0.07963180541992188,0.593762944,0.403975552,0.0,0.0
213,csnameddatad,root,0.0,0.012731552124023438,0.005887196,0.008581085,0.0,0.0
217,runningboardd,root,0.0,0.09808540344238281,48.290398208,23.127918592,0.0,0.0
218,trustd,_trustd,0.0,0.1262187957763672,121.78935808,14.837732352,0.0,0.0
232,distnoted,root,0.0,0.012493133544921875,0.225346112,0.32490464,0.0,0.0
233,syspolicyd,root,0.0,0.07901191711425781,54.286913536,23.953211392,0.0,0.0
234,PlugInLibraryService,root,0.0,0.011444091796875,0.006046044,0.014636963,0.0,0.0
235,coreaudiod,_coreaudiod,0.0,0.1594066619873047,6.35015424,14.623950848,0.0,0.0
244,apfsd,root,0.0,0.020074844360351562,0.042585936,0.108499552,0.0,0.0
245,nehelper,root,0.0,0.04220008850097656,0.655045568,0.653566464,0.0,0.0
249,nsurlsessiond,_nsurlsessiond,0.0,0.093841552734375,1.203055104,1.663363072,0.0,0.0
250,airportd,root,0.0,0.16875267028808594,50.692476928,21.616775168,0.0,0.0
251,usbd,root,0.0,0.03170967102050781,0.038400056,0.015749855,0.0,0.0
253,trustdFileHelper,root,0.0,0.022077560424804688,0.041503164,0.01868536,0.0,0.0
256,distnoted,_coreaudiod,0.0,0.012493133544921875,0.209584736,0.30846352,0.0,0.0
257,containermanagerd,root,0.0,0.023794174194335938,0.058273908,0.052283832,0.0,0.0
259,deleted_helper,root,0.0,0.018167495727539062,0.015683908,0.049131,0.0,0.0
261,mobileassetd,root,0.0,0.11096000671386719,33.550804992,11.809959936,0.0,0.0
262,awdd,root,0.0,0.03552436828613281,0.025816818,0.0704976,0.0,0.0
265,authd,root,0.0,0.04062652587890625,3.282368768,4.103519232,0.0,0.0
268,socketfilterfw,root,0.0,0.032329559326171875,45.712891904,60.624003072,0.0,0.0
269,symptomsd,_networkd,0.0,0.09503364562988281,7.886294528,4.976125952,0.0,0.0
270,findmydeviced,root,0.0,0.10223388671875,0.185854896,0.381845632,0.0,0.0
271,mDNSResponder,_mdnsresponder,0.0,0.08578300476074219,8.093074432,8.551954432,0.0,0.0
272,FindMyMacd,root,0.0,0.017547607421875,0.007436712,0.012275406,0.0,0.0
273,sysextd,root,0.0,0.026655197143554688,0.05512564,0.034463224,0.0,0.0
274,distnoted,_cmiodalassistants,0.0,0.012493133544921875,0.202049488,0.292671232,0.0,0.0
275,mDNSResponderHelper,root,0.0,0.034999847412109375,0.647244096,0.557692736,0.0,0.0
276,com.apple.CodeSigningHelper,root,0.0,0.029468536376953125,1.50958528,2.566445056,0.0,0.0
288,diskmanagementd,root,0.0,0.05359649658203125,0.7936208,1.39342144,0.0,0.0
289,backupd,root,0.0,0.03247261047363281,0.020888282,0.09387268,0.0,0.0
290,wifip2pd,root,0.0,0.08234977722167969,9.48574208,4.560056832,0.0,0.0
292,com.apple.audio.,_coreaudiod,0.0,0.018978118896484375,0.198551296,0.178855312,0.0,0.0
294,UVCAssistant,_cmiodalassistants,0.0,0.03910064697265625,0.092116808,0.120811952,0.0,0.0
295,systemstatusd,root,0.0,0.040531158447265625,0.60801536,0.510057152,0.0,0.0
299,AudioComponentRegistrar,root,0.0,0.02899169921875,0.079055008,0.045218388,0.0,0.0
301,softwareupdated,_softwareupdate,0.0,0.08826255798339844,0.259551296,0.333309792,0.0,0.0
303,audioclocksyncd,root,0.0,0.02231597900390625,5.18616832,5.46155008,0.0,0.0
304,com.apple.geod,_locationd,0.0,0.09136199951171875,0.626532608,0.9438432,0.0,0.0
305,distnoted,_locationd,0.0,0.013494491577148438,0.328282176,0.309813984,0.0,0.0
306,secinitd,_locationd,0.0,0.027608871459960938,0.042427456,0.025121872,0.0,0.0
307,cfprefsd,_locationd,0.0,0.013065338134765625,0.044764236,0.01618596,0.0,0.0
308,trustd,_locationd,0.0,0.034999847412109375,0.13141048,0.081147472,0.0,0.0
309,distnoted,_softwareupdate,0.0,0.012493133544921875,0.1876,0.264500736,0.0,0.0
310,suhelperd,root,0.0,0.04296302795410156,0.012255348,0.015485747,0.0,0.0
311,containermanagerd,_locationd,0.0,0.02231597900390625,0.050349384,0.019098984,0.0,0.0
312,locationd,_locationd,0.0,0.14390945434570312,17.911425024,8.49755392,0.0,0.0
313,searchpartyd,root,0.0,0.1445770263671875,21.465659392,10.062388224,0.0,0.0
314,cron,root,0.0,0.01068115234375,0.015435118,0.06735768,0.0,0.0
315,distnoted,_nsurlsessiond,0.0,0.012540817260742188,0.182052912,0.255050112,0.0,0.0
316,siriinferenced,root,0.0,0.08258819580078125,0.038484524,0.249656864,0.0,0.0
318,com.apple.DriverKit-IOUserDockChannelSerial,_driverkit,0.0,0.0018596649169921875,0.004167366,0.053840464,0.0,0.0
319,thermald,root,0.0,0.03147125244140625,0.1098438,0.589597696,0.0,0.0
322,hidd,_hidd,0.0,0.0171661376953125,0.016996588,0.022655804,0.0,0.0
323,distnoted,_windowserver,0.0,0.012540817260742188,0.178982672,0.2486868,0.0,0.0
325,secinitd,root,0.0,0.02765655517578125,0.045612244,0.022197744,0.0,0.0
328,wifianalyticsd,root,0.0,0.07162094116210938,0.108566472,0.15827912,0.0,0.0
330,mds_stores,root,0.0,0.3612995147705078,27.5541504,21.542201344,0.0,0.0
334,backgroundtaskmanagementd,root,0.0,0.037384033203125,0.114879216,0.0884184,0.0,0.0
335,countryd,root,0.0,0.030517578125,0.01504779,0.026428944,0.0,0.0
336,BlueTool,root,0.0,0.018787384033203125,0.00762471,0.018856108,0.0,0.0
338,colorsync.displayservices,root,0.0,0.02422332763671875,0.021471104,0.019594908,0.0,0.0
339,com.apple.ColorSyncXPCAgent,root,0.0,0.016546249389648438,0.00699258,0.012739696,0.0,0.0
340,colorsyncd,root,0.0,0.022029876708984375,0.037804948,0.020377852,0.0,0.0
341,appleeventsd,_appleevents,0.0,0.0469207763671875,1.48816384,1.439920256,0.0,0.0
342,sharedfilelistd,root,0.0,0.07061958312988281,0.042849404,0.069451296,0.0,0.0
343,bootinstalld,root,0.0,0.03981590270996094,0.03684026,0.014200053,0.0,0.0
348,com.apple.AccountPolicyHelper,root,0.0,0.013971328735351562,0.010582529,0.019476942,0.0,0.0
351,GSSCred,root,0.0,0.029134750366210938,0.050149696,0.046501872,0.0,0.0
359,coreauthd,root,0.0,0.05660057067871094,0.077131112,0.127678352,0.0,0.0
360,distnoted,jachian,0.0,0.03833770751953125,15.96059648,7.077282816,0.0,0.0
361,securityd_service,root,0.0,0.0110626220703125,0.02673372,0.078497328,0.0,0.0
362,distnoted,_spotlight,0.0,0.012826919555664062,0.181457504,0.248352784,0.0,0.0
363,cfprefsd,jachian,0.0,0.03952980041503906,26.9193728,53.695623168,0.0,0.0
364,UserEventAgent,jachian,0.0,0.11324882507324219,10.412368896,6.62665472,0.0,0.0
365,gamecontrollerd,_gamecontrollerd,0.0,0.05173683166503906,0.811443264,1.052248128,0.0,0.0
366,seld,_applepay,0.0,0.0339508056640625,0.059825004,0.044213856,0.0,0.0
368,knowledge-agent,jachian,0.0,0.20318031311035156,215.476404224,12.447594496,0.0,0.0
370,com.apple.sbd,jachian,0.0,0.08120536804199219,0.259940416,0.269033984,0.0,0.0
371,ContinuityCaptureAgent,jachian,0.0,0.09398460388183594,0.13584256,0.208145232,0.0,0.0
373,lsd,jachian,0.0,0.12040138244628906,4.07337984,3.60356224,0.0,0.0
374,usernoted,jachian,0.0,0.10142326354980469,0.894561664,0.51328512,0.0,0.0
375,BackgroundTaskManagementAgent,jachian,0.0,0.07929801940917969,0.149521136,0.171471888,0.0,0.0
376,accountsd,jachian,0.0,0.31380653381347656,12.393219072,3.966083584,0.0,0.0
377,tccd,jachian,0.0,0.0759124755859375,7.031412736,5.157849088,0.0,0.0
378,talagent,jachian,0.0,0.07648468017578125,0.188422736,0.189629424,0.0,0.0
379,WindowManager,jachian,0.0,0.1487255096435547,32.124289024,5.408696832,0.0,0.0
380,Dock,jachian,0.0,0.2438068389892578,68.447608832,23.610974208,0.0,0.0
381,ControlCenter,jachian,0.0,0.3750801086425781,24.118767616,6.817616384,0.0,0.0
382,secd,jachian,0.0,0.09012222290039062,8.275186176,2.446445568,0.0,0.0
383,SystemUIServer,jachian,0.0,0.1529216766357422,1.468469888,1.23378048,0.0,0.0
384,Finder,jachian,0.0,0.45299530029296875,29.319774208,16.441311232,0.0,0.0
387,csnameddatad,jachian,0.0,0.015163421630859375,0.013493279,0.028154632,0.0,0.0
388,systemsoundserverd,root,0.0,0.036907196044921875,0.074912472,0.118422768,0.0,0.0
389,containermanagerd,jachian,0.0,0.03132820129394531,2.333968384,1.525118592,0.0,0.0
390,trustd,jachian,0.0,0.0919342041015625,31.466883072,4.265225216,0.0,0.0
391,donotdisturbd,jachian,0.0,0.13685226440429688,2.40489344,0.90855136,0.0,0.0
392,AppSSOAgent,jachian,0.0,0.09613037109375,0.245257536,0.23663784,0.0,0.0
393,nearbyd,_nearbyd,0.0,0.07042884826660156,7.365932032,3.809138688,0.0,0.0
394,pboard,jachian,0.0,0.05230903625488281,0.64802816,0.462960096,0.0,0.0
395,distnoted,_appleevents,0.0,0.012540817260742188,0.172673904,0.231078448,0.0,0.0
396,pkd,jachian,0.0,0.06823539733886719,1.780511232,1.116542464,0.0,0.0
397,filecoordinationd,root,0.0,0.061511993408203125,0.326576448,0.380424992,0.0,0.0
398,siriactionsd,jachian,0.0,0.17423629760742188,7.876523008,3.570543616,0.0,0.0
399,TrustedPeersHelper,jachian,0.0,0.07190704345703125,0.226849456,0.202669936,0.0,0.0
400,CoreLocationAgent,jachian,0.0,0.09245872497558594,0.195946048,0.234224096,0.0,0.0
401,bird,jachian,0.0,0.11553764343261719,5.476159488,3.695251712,0.0,0.0
402,calaccessd,jachian,0.0,0.13298988342285156,8.387108352,3.891794944,0.0,0.0
403,NotificationCenter,jachian,0.0,0.2834320068359375,49.0467328,38.133067776,0.0,0.0
404,secinitd,jachian,0.0,0.03561973571777344,0.685477248,0.432602368,0.0,0.0
405,captiveagent,_captiveagent,0.0,0.0263214111328125,0.05364684,0.057463632,0.0,0.0
406,QuickLookUIService,jachian,0.0,0.11458396911621094,0.340796832,0.361031168,0.0,0.0
407,iconservicesagent,jachian,0.0,0.09932518005371094,0.59370656,0.416599808,0.0,0.0
408,sharedfilelistd,jachian,0.0,0.07643699645996094,0.288540288,0.2277744,0.0,0.0
409,useractivityd,jachian,0.0,0.07495880126953125,2.126806528,1.204552832,0.0,0.0
410,cloudd,jachian,0.0,0.20852088928222656,49.297108992,16.592823296,0.0,0.0
411,com.apple.dock.extra,jachian,0.0,0.30007362365722656,2.947662592,1.782188544,0.0,0.0
412,com.apple.quicklook.ThumbnailsAgent,jachian,0.0,0.10991096496582031,0.551935936,0.815471232,0.0,0.0
413,fileproviderd,jachian,0.0,0.13065338134765625,16.132299776,9.8642688,0.0,0.0
414,BiomeAgent,jachian,0.0,0.09121894836425781,1.351331456,0.964926592,0.0,0.0
415,ViewBridgeAuxiliary,jachian,0.0,0.07042884826660156,2.805714688,2.377426944,0.0,0.0
416,AppSSODaemon,root,0.0,0.07414817810058594,0.211841472,0.20821048,0.0,0.0
417,identityservicesd,jachian,0.0,0.18143653869628906,2.512076288,2.17857024,0.0,0.0
418,replayd,jachian,0.0,0.06327629089355469,0.053093472,0.053104296,0.0,0.0
419,suggestd,jachian,0.0,0.6618976593017578,67.748859904,13.493732352,0.0,0.0
420,sociallayerd,jachian,0.0,0.15459060668945312,0.647235904,0.699121088,0.0,0.0
421,callservicesd,jachian,0.0,0.1906871795654297,4.585320448,2.088726912,0.0,0.0
422,com.apple.hiservices-xpcservice,jachian,0.0,0.03256797790527344,5.032677888,4.559437824,0.0,0.0
423,automountd,root,0.0,0.031185150146484375,0.014531036,0.023100346,0.0,0.0
424,AMPDeviceDiscoveryAgent,jachian,0.0,0.05784034729003906,0.573227008,0.540889536,0.0,0.0
425,fontd,jachian,0.0,0.035953521728515625,0.866037376,0.335054912,0.0,0.0
427,fontworker,jachian,0.0,0.03781318664550781,0.307198528,0.715935424,0.0,0.0
430,Spotlight,jachian,0.0,0.23956298828125,2.523913216,1.837736064,0.0,0.0
431,WirelessRadioManagerd,root,0.0,0.05841255187988281,0.623739328,0.58148768,0.0,0.0
432,rapportd,jachian,0.0,0.1292705535888672,1.431583232,0.788129792,0.0,0.0
433,sharingd,jachian,0.0,0.20885467529296875,13.523192832,4.235124224,0.0,0.0
434,ctkahp,root,0.0,0.022983551025390625,0.042483548,0.030560568,0.0,0.0
435,contactsd,jachian,0.0,0.07085800170898438,172.95802368,50.3642112,0.0,0.0
436,mobiletimerd,jachian,0.0,0.05702972412109375,0.242779184,0.51722368,0.0,0.0
437,AudioComponentRegistrar,jachian,0.0,0.04277229309082031,0.318555392,0.170640592,0.0,0.0
438,CarbonComponentScannerXPC,jachian,0.0,0.03147125244140625,0.082236328,0.092298352,0.0,0.0
439,CallHistoryPluginHelper,jachian,0.0,0.07948875427246094,1.04849536,0.312043872,0.0,0.0
440,Dropbox,jachian,0.0,0.6528377532958984,59.974938624,68.79653888,0.0,0.0
441,routined,jachian,0.0,0.21338462829589844,7.516041216,3.271811584,0.0,0.0
447,ExploreSearchResultsDaemon,root,0.0,0.05707740783691406,3.882006528,6.624075776,0.0,0.0
449,mysqld,_mysql,0.0,0.022983551025390625,14.464454656,18.068396032,0.0,0.0
454,imklaunchagent,jachian,0.0,0.05640983581542969,0.096877136,0.084028192,0.0,0.0
456,corespotlightd,jachian,0.0,1.8993854522705078,124.4710912,58.31286784,0.0,0.0
457,CoreServicesUIAgent,jachian,0.0,0.11382102966308594,0.199614064,0.251663632,0.0,0.0
458,WiFiAgent,jachian,0.0,0.1422882080078125,11.000168448,1.349771648,0.0,0.0
459,ctkahp,jachian,0.0,0.026798248291015625,0.045147732,0.029688566,0.0,0.0
461,taskgated,root,0.0,0.026226043701171875,0.528332832,0.434782432,0.0,0.0
463,pbs,jachian,0.0,0.040721893310546875,0.09029832,0.103751336,0.0,0.0
464,Google Drive,jachian,0.0,0.09999275207519531,3.198399232,0.467431328,0.0,0.0
465,extensionkitservice,jachian,0.0,0.04467964172363281,0.148432992,0.131476824,0.0,0.0
466,PAH_Extension,jachian,0.0,0.10004043579101562,1.58897216,1.17982464,0.0,0.0
467,HomeWidget,jachian,0.0,0.07328987121582031,0.050090116,0.05211088,0.0,0.0
468,ctkd,jachian,0.0,0.04010200500488281,0.087974,0.11202324,0.0,0.0
469,heard,jachian,0.0,0.1556873321533203,4.098869504,2.399484672,0.0,0.0
470,corespeechd,jachian,0.0,0.07619857788085938,0.140289296,0.217702944,0.0,0.0
472,axassetsd,jachian,0.0,0.09031295776367188,2.398840064,1.028094848,0.0,0.0
474,SafariAdapter,jachian,0.0,0.09684562683105469,0.784139968,0.838999488,0.0,0.0
475,ContextStoreAgent,jachian,0.0,0.1357555389404297,20.162430976,6.817659904,0.0,0.0
479,Siri,jachian,0.0,0.14553070068359375,11.913421824,5.442668032,0.0,0.0
480,icdd,jachian,0.0,0.04124641418457031,0.164206288,0.063582632,0.0,0.0
483,askpermissiond,jachian,0.0,0.08897781372070312,0.212646992,0.45909424,0.0,0.0
485,AirPlayUIAgent,jachian,0.0,0.07672309875488281,0.140655728,0.184823552,0.0,0.0
486,imagent,jachian,0.0,0.16541481018066406,6.404339712,2.233843456,0.0,0.0
488,cloudpaird,jachian,0.0,0.12836456298828125,0.387403584,0.260014992,0.0,0.0
489,diagnostics_agent,jachian,0.0,0.09102821350097656,1.852278784,1.528008448,0.0,0.0
490,bluetoothuserd,jachian,0.0,0.054836273193359375,0.046557704,0.03290295,0.0,0.0
491,TextInputMenuAgent,jachian,0.0,0.16236305236816406,2.55643904,1.984081792,0.0,0.0
494,amsaccountsd,jachian,0.0,0.10519027709960938,0.623520832,0.760607232,0.0,0.0
496,mh,jachian,0.0,0.04215240478515625,0.789237376,0.599358336,0.0,0.0
497,ReportCrash,jachian,0.0,0.03108978271484375,0.011404118,0.028784792,0.0,0.0
498,AppleCameraAssistant,_cmiodalassistants,0.0,0.021505355834960938,0.04170876,0.124201744,0.0,0.0
499,dmd,jachian,0.0,0.07352828979492188,0.671541504,0.424872896,0.0,0.0
500,amsengagementd,jachian,0.0,0.1292705535888672,2.470392576,1.672765696,0.0,0.0
501,UsageTrackingAgent,jachian,0.0,0.08411407470703125,3.003488256,0.489656832,0.0,0.0
502,TextInputSwitcher,jachian,0.0,0.1117706298828125,0.344779168,0.303521472,0.0,0.0
503,com.apple.AmbientDisplayAgent,root,0.0,0.03762245178222656,0.06400762,0.087299152,0.0,0.0
504,syncdefaultsd,jachian,0.0,0.11258125305175781,2.65226368,2.549528064,0.0,0.0
505,com.apple.ColorSyncXPCAgent,root,0.0,0.016546249389648438,0.00676905,0.009233663,0.0,0.0
506,CommCenter,jachian,0.0,0.15311241149902344,1.182928,1.382740224,0.0,0.0
508,Dropbox,jachian,0.0,0.07104873657226562,0.070219944,0.065723316,0.0,0.0
509,WiFiVelocityAgent,jachian,0.0,0.021314620971679688,0.042808496,0.023841198,0.0,0.0
510,WeatherWidget,jachian,0.0,0.20661354064941406,11.290884096,2.188873472,0.0,0.0
511,ScreenTimeWidgetExtension,jachian,0.0,0.1949310302734375,5.566487552,1.443403904,0.0,0.0
512,wifivelocityd,root,0.0,0.07977485656738281,0.108358048,0.071695848,0.0,0.0
513,spindump,root,0.0,0.06704330444335938,2.973807104,3.005600512,0.0,0.0
514,spindump_agent,jachian,0.0,0.023794174194335938,0.0098172,0.015334388,0.0,0.0
515,IMDPersistenceAgent,jachian,0.0,0.1922607421875,54.169055232,12.246951936,0.0,0.0
516,homed,jachian,0.0,0.16031265258789062,0.632433984,1.007722368,0.0,0.0
517,Dropbox,jachian,0.0,0.08645057678222656,0.077752976,0.044756844,0.0,0.0
518,nsurlsessiond,jachian,0.0,0.11334419250488281,2.95766144,2.929767936,0.0,0.0
519,com.apple.siri.embeddedspeech,jachian,0.0,0.08320808410644531,0.388395328,0.879536,0.0,0.0
520,ScreenTimeAgent,jachian,0.0,0.16870498657226562,6.667745792,3.031585792,0.0,0.0
521,parsecd,jachian,0.0,0.16088485717773438,10.694285312,2.62129408,0.0,0.0
522,netbiosd,_netbios,0.0,0.03142356872558594,0.093012416,0.147429968,0.0,0.0
523,swcd,jachian,0.0,0.07719993591308594,2.031335936,1.31761216,0.0,0.0
524,triald,jachian,0.0,0.08420944213867188,5.305724416,2.495787008,0.0,0.0
525,com.apple.geod,jachian,0.0,0.09717941284179688,2.99990656,2.156639232,0.0,0.0
526,ctkd,_ctkd,0.0,0.01735687255859375,0.036169812,0.010122598,0.0,0.0
527,coreauthd,jachian,0.0,0.06852149963378906,0.48881936,0.336215552,0.0,0.0
528,networkserviceproxy,jachian,0.0,0.12693405151367188,4.977617408,4.098345216,0.0,0.0
529,itunescloudd,jachian,0.0,0.17766952514648438,1.06932448,1.004610304,0.0,0.0
530,transparencyd,jachian,0.0,0.09350776672363281,0.915058496,0.694399936,0.0,0.0
532,ProtectedCloudKeySyncing,jachian,0.0,0.06537437438964844,0.07536592,0.099770792,0.0,0.0
533,familycircled,jachian,0.0,0.15044212341308594,2.308497664,0.75959968,0.0,0.0
534,StatusKitAgent,jachian,0.0,0.07977485656738281,0.356687232,0.216904544,0.0,0.0
535,ContextService,jachian,0.0,0.11630058288574219,1.369640064,0.781524224,0.0,0.0
536,CategoriesService,jachian,0.0,0.028467178344726562,0.011818527,0.017210544,0.0,0.0
537,akd,jachian,0.0,0.09284019470214844,2.486008832,1.851743616,0.0,0.0
538,XProtectBehaviorService,root,0.0,0.06747245788574219,0.09160832,0.111201936,0.0,0.0
539,com.apple.FaceTime.FTConversationService,jachian,0.0,0.05793571472167969,0.113286888,0.040757012,0.0,0.0
540,mediaremoteagent,jachian,0.0,0.02288818359375,0.015147356,0.029494552,0.0,0.0
541,adid,_fpsd,0.0,0.03533363342285156,2.230380544,3.876426496,0.0,0.0
542,avconferenced,jachian,0.0,0.09737014770507812,0.166034752,0.275896256,0.0,0.0
543,assistantd,jachian,0.0,0.20356178283691406,4.578978304,3.986520064,0.0,0.0
544,peopled,jachian,0.0,0.11010169982910156,0.998025024,0.33190768,0.0,0.0
545,dataaccessd,jachian,0.0,0.13527870178222656,10.98792448,4.53593856,0.0,0.0
546,fmfd,jachian,0.0,0.11653900146484375,0.582446144,0.501796928,0.0,0.0
549,com.apple.siri.embeddedspeech,jachian,0.0,0.07295608520507812,1.42343232,0.454993312,0.0,0.0
550,cdpd,jachian,0.0,0.06399154663085938,0.303322944,0.139095072,0.0,0.0
551,SoftwareUpdateNotificationManager,jachian,0.0,0.11477470397949219,0.197750272,0.29235168,0.0,0.0
552,SubmitDiagInfo,root,0.0,0.06694793701171875,0.130277344,0.127554792,0.0,0.0
553,lockoutagent,jachian,0.0,0.06709098815917969,2.72299392,2.7429824,0.0,0.0
554,neagent,jachian,0.0,0.07634162902832031,1.70178112,0.6480608,0.0,0.0
555,CMFSyncAgent,jachian,0.0,0.06008148193359375,9.299234816,0.524965312,0.0,0.0
556,APFSUserAgent,jachian,0.0,0.034046173095703125,0.013951967,0.021001506,0.0,0.0
558,iCloudNotificationAgent,jachian,0.0,0.10952949523925781,0.534962752,0.539218816,0.0,0.0
560,CategoriesService,jachian,0.0,0.031280517578125,0.2171124,0.225003584,0.0,0.0
565,logd_helper,root,0.0,0.012874603271484375,0.050603508,0.20579104,0.0,0.0
567,CategoriesService,jachian,0.0,0.03681182861328125,0.021850048,0.03682036,0.0,0.0
569,CategoriesService,jachian,0.0,0.05841255187988281,0.160324976,0.198689168,0.0,0.0
570,Keychain Circle Notification,jachian,0.0,0.12273788452148438,0.196073872,0.218179936,0.0,0.0
572,CloudKeychainProxy,jachian,0.0,0.05297660827636719,0.033802048,0.051107784,0.0,0.0
574,SafeEjectGPUAgent,jachian,0.0,0.026464462280273438,0.007998327,0.011869048,0.0,0.0
575,SafeEjectGPUService,jachian,0.0,0.040721893310546875,0.01396607,0.020044184,0.0,0.0
577,CategoriesService,jachian,0.0,0.05831718444824219,0.178587168,0.21812456,0.0,0.0
579,seserviced,jachian,0.0,0.06122589111328125,0.051490352,0.039504348,0.0,0.0
580,deleted,jachian,0.0,0.07715225219726562,1.833681024,2.195683328,0.0,0.0
581,followupd,jachian,0.0,0.045108795166015625,0.046757304,0.06496376,0.0,0.0
584,photolibraryd,jachian,0.0,0.35834312438964844,240.12980224,63.547650048,0.0,0.0
585,ScopedBookmarkAgent,jachian,0.0,0.0301361083984375,0.212011168,0.271015872,0.0,0.0
590,UIKitSystem,jachian,0.0,0.11415481567382812,0.341057632,0.463041024,0.0,0.0
591,AssetCache,_assetcache,0.0,0.043487548828125,0.062411304,0.09576624,0.0,0.0
592,appstoreagent,jachian,0.0,0.1937389373779297,1.439892736,1.42944128,0.0,0.0
593,AssetCacheTetheratorService,root,0.0,0.027513504028320312,0.04997784,0.02354486,0.0,0.0
594,geodMachServiceBridge,jachian,0.0,0.049495697021484375,0.1894808,0.195998448,0.0,0.0
595,coresymbolicationd,root,0.0,0.021314620971679688,0.078729632,0.139241984,0.0,0.0
596,cloudd,root,0.0,0.081634521484375,0.121831512,0.072795664,0.0,0.0
597,installcoordinationd,_installcoordinationd,0.0,0.03247261047363281,0.04389672,0.026854212,0.0,0.0
598,system_installd,root,0.0,0.032806396484375,0.019474288,0.07315444,0.0,0.0
599,com.apple.AppStoreDaemon.StorePrivilegedTaskService,root,0.0,0.030946731567382812,0.03807444,0.014650708,0.0,0.0
600,aned,root,0.0,0.030994415283203125,0.049081544,0.077256824,0.0,0.0
601,installd,root,0.0,0.05583763122558594,14.344992768,2.136653056,0.0,0.0
603,storedownloadd,jachian,0.0,0.07596015930175781,0.077048312,0.052552832,0.0,0.0
605,promotedcontentd,jachian,0.0,0.07991790771484375,0.2668432,0.3479344,0.0,0.0
607,progressd,jachian,0.0,0.06089210510253906,0.237544752,0.123410936,0.0,0.0
612,Dropbox Helper (GPU),jachian,0.0,0.10581016540527344,1.125314432,0.762363584,0.0,0.0
615,Electron,jachian,0.0,1.1743545532226562,609.111441408,140.432130048,0.0,0.0
617,CVMServer,root,0.0,0.01068115234375,0.035421,0.014235648,0.0,0.0
618,VTDecoderXPCService,jachian,0.0,0.04372596740722656,0.0966032,0.083466712,0.0,0.0
619,Dropbox Helper,jachian,0.0,0.07624626159667969,0.105597352,0.091782584,0.0,0.0
621,crashpad_handler,jachian,0.0,0.0209808349609375,0.015748124,0.040380728,0.0,0.0
624,VTEncoderXPCService,jachian,0.0,0.04253387451171875,0.086225024,0.057221408,0.0,0.0
632,chrome_crashpad_handler,jachian,0.0,0.031566619873046875,0.028778378,0.194012416,0.0,0.0
633,Code Helper (GPU),jachian,0.0,0.6192684173583984,483.726655488,198.513115136,0.0,0.0
634,Code Helper,jachian,0.0,0.1445293426513672,0.346472896,0.53791712,0.0,0.0
635,VTDecoderXPCService,jachian,0.0,0.04372596740722656,0.092582216,0.046652916,0.0,0.0
638,Code Helper (Renderer),jachian,0.0,2.8389930725097656,1479.488176128,146.662539264,0.0,0.0
657,IOUserBluetoothSerialDriver,_driverkit,0.0,0.0019073486328125,0.003693783,0.016969148,0.0,0.0
658,AssetCacheLocatorService,jachian,0.0,0.05555152893066406,0.40640128,0.610805632,0.0,0.0
659,Dropbox Helper (Renderer),jachian,0.0,0.29921531677246094,14.024592384,4.113012992,0.0,0.0
661,commerce,jachian,0.0,0.12650489807128906,0.725952256,0.42551104,0.0,0.0
663,Dropbox Helper (Renderer),jachian,0.0,0.09226799011230469,0.665419712,0.173415744,0.0,0.0
679,XprotectService,root,0.0,0.050067901611328125,0.949529536,0.165252,0.0,0.0
694,VirtualBox,jachian,0.0,0.26984214782714844,41.805082624,40.6424576,0.0,0.0
710,universalAccessAuthWarn,jachian,0.0,0.08940696716308594,0.16962552,0.201131392,0.0,0.0
718,Code Helper (Renderer),jachian,0.0,0.6244182586669922,27.255443456,8.938473472,0.0,0.0
719,Code Helper (Plugin),jachian,0.0,0.9010791778564453,101.65342208,38.567006208,0.0,0.0
720,Code Helper (Renderer),jachian,0.0,0.34008026123046875,13.210696704,25.154377728,0.0,0.0
741,VBoxXPCOMIPCD,jachian,0.0,0.03170967102050781,19.895492608,42.799333376,0.0,0.0
743,VBoxSVC,jachian,0.0,0.08912086486816406,57.072594944,72.565325824,0.0,0.0
766,Code Helper (Renderer),jachian,0.0,0.21419525146484375,2.083622656,1.398480768,0.0,0.0
774,cpptools,jachian,0.0,0.07390975952148438,24.798199808,19.893938176,0.0,0.0
780,misagent,root,0.0,0.011730194091796875,0.007825822,0.017218656,0.0,0.0
790,Notes,jachian,0.0,0.3833293914794922,13.744203776,7.55485184,0.0,0.0
795,maild,jachian,0.0,0.10638236999511719,0.382309408,0.62182656,0.0,0.0
814,ndoagent,jachian,0.0,0.03204345703125,0.012710226,0.020239156,0.0,0.0
816,contentlinkingd,jachian,0.0,0.05927085876464844,1.293112192,0.676680128,0.0,0.0
818,financed,jachian,0.0,0.09083747863769531,0.478310624,0.325673344,0.0,0.0
820,zsh,jachian,0.0,0.040435791015625,1.250007424,1.80138944,0.0,0.0
821,PaperKitExtension,jachian,0.0,0.1850128173828125,3.62849664,2.604635136,0.0,0.0
853,colorsync.useragent,jachian,0.0,0.025033950805664062,0.023768884,0.033916372,0.0,0.0
854,com.apple.ColorSyncXPCAgent,jachian,0.0,0.016450881958007812,0.006617049,0.009563782,0.0,0.0
857,ContainerMetadataExtractor,jachian,0.0,0.060176849365234375,0.777335552,0.32831584,0.0,0.0
859,MTLCompilerService,root,0.0,0.10972023010253906,0.204382944,0.471863104,0.0,0.0
860,GroupSessionService,jachian,0.0,0.09016990661621094,0.061094288,0.03980378,0.0,0.0
866,mscamerad-xpc,jachian,0.0,0.0244140625,0.016738958,0.031243336,0.0,0.0
871,ptpcamerad,jachian,0.0,0.024557113647460938,0.05052754,0.028723764,0.0,0.0
879,findmydevice-user-agent,jachian,0.0,0.06318092346191406,0.133171592,0.116851752,0.0,0.0
889,siriknowledged,jachian,0.0,0.13914108276367188,49.247203328,9.241997312,0.0,0.0
890,rtcreportingd,root,0.0,0.0728607177734375,8.700126208,4.477705216,0.0,0.0
896,DropboxActivityProvider,jachian,0.0,0.09002685546875,0.531413504,0.53194816,0.0,0.0
900,AppleSpell,jachian,0.0,1.6132354736328125,3.63133312,4.522860032,0.0,0.0
901,naturallanguaged,jachian,0.0,0.13036727905273438,0.374776288,0.483500416,0.0,0.0
902,keyboardservicesd,jachian,0.0,0.07481575012207031,0.086175376,0.113414208,0.0,0.0
914,m,jachian,0.0,0.10633468627929688,0.866002304,0.843367424,0.0,0.0
924,SiriNCService,jachian,0.0,0.13680458068847656,3.26820864,1.730188544,0.0,0.0
962,diagnosticextensionsd,jachian,0.0,0.06380081176757812,0.068591624,0.067922848,0.0,0.0
965,iconservicesagent,root,0.0,0.031280517578125,0.036463348,0.024671834,0.0,0.0
982,distnoted,nobody,0.0,0.012493133544921875,0.167906416,0.224996048,0.0,0.0
1039,ReportCrash,root,0.0,0.030994415283203125,0.011071108,0.021375894,0.0,0.0
1044,distnoted,_trustd,0.0,0.012540817260742188,0.162529936,0.21383544,0.0,0.0
1045,distnoted,_assetcache,0.0,0.012540817260742188,0.156655616,0.211666816,0.0,0.0
1064,fairplayd,_fpsd,0.0,0.023126602172851562,0.026394094,0.112861392,0.0,0.0
1073,symptomsd-diag,root,0.0,0.05564689636230469,0.14078736,0.180698064,0.0,0.0
1075,CAReportingService,root,0.0,0.050067901611328125,0.772994432,0.921516288,0.0,0.0
1082,nfcd,_applepay,0.0,0.03719329833984375,0.048658748,0.057803376,0.0,0.0
1158,linkd,jachian,0.0,0.070953369140625,0.571573504,0.437087744,0.0,0.0
1242,UniversalControl,jachian,0.0,0.14066696166992188,35.9230464,36.22889472,0.0,0.0
1243,biomesyncd,jachian,0.0,0.060272216796875,2.051597952,0.79197984,0.0,0.0
1245,distnoted,_gamecontrollerd,0.0,0.0125885009765625,0.158518352,0.212675664,0.0,0.0
1246,com.apple.MobileSoftwareUpdate.CleanupPreparePathService,root,0.0,0.03628730773925781,0.03101413,0.123482352,0.0,0.0
1258,package_script_service,root,0.0,0.034236907958984375,0.051047048,0.054111152,0.0,0.0
1276,sysmond,root,0.0,0.011730194091796875,1.152757632,2.279271936,0.0,0.0
1289,photoanalysisd,jachian,0.0,0.20132064819335938,435.281985536,116.603568128,0.0,0.0
1290,remotemanagementd,_rmd,0.0,0.04591941833496094,0.103373312,0.124828384,0.0,0.0
1305,online-authd,root,0.0,0.010776519775390625,0.012225803,0.03992048,0.0,0.0
1315,MTLAssetUpgraderD,jachian,0.0,0.06661415100097656,0.265470048,0.1463584,0.0,0.0
1320,cloudphotod,jachian,0.0,0.08916854858398438,2.301029888,0.929398976,0.0,0.0
1325,DiskUnmountWatcher,jachian,0.0,0.012350082397460938,0.006404982,0.013477491,0.0,0.0
1328,crashpad_handler,jachian,0.0,0.02536773681640625,0.014675959,0.037427648,0.0,0.0
1384,crashpad_handler,jachian,0.0,0.025177001953125,0.013319207,0.034870336,0.0,0.0
1385,Google Drive,jachian,0.0,0.3688812255859375,9.583625216,6.550650368,0.0,0.0
1394,mdbulkimport,jachian,0.0,0.1277446746826172,2.851036672,1.870918272,0.0,0.0
1401,Google Drive Helper (GPU),jachian,0.0,0.19807815551757812,0.477097792,0.358790048,0.0,0.0
1404,Google Drive Helper,jachian,0.0,0.12369155883789062,0.112734088,0.070954592,0.0,0.0
1405,Google Drive Helper,jachian,0.0,0.13175010681152344,0.133858512,0.141533856,0.0,0.0
1406,Google Drive Helper (Renderer),jachian,0.0,0.13709068298339844,0.108493408,0.076447008,0.0,0.0
1407,Google Drive Helper (Renderer),jachian,0.0,0.25734901428222656,0.396270688,0.347242016,0.0,0.0
1412,FinderSyncExtension,jachian,0.0,0.10561943054199219,0.950431296,0.623153344,0.0,0.0
1416,VTDecoderXPCService,jachian,0.0,0.04372596740722656,0.094251104,0.045716016,0.0,0.0
1417,mscamerad-xpc,jachian,0.0,0.024175643920898438,0.013936565,0.023343592,0.0,0.0
1482,com.apple.audio.ComponentTagHelper,jachian,0.0,0.016927719116210938,0.017847072,0.027953492,0.0,0.0
1485,distnoted,_accessoryupdater,0.0,0.012540817260742188,0.15758528,0.204721328,0.0,0.0
1499,CategoriesService,jachian,0.0,0.06442070007324219,0.286979168,0.332826944,0.0,0.0
1500,Safari,jachian,0.0,1.2226104736328125,342.41921024,117.642960896,0.0,0.0
1501,com.apple.Safari.History,jachian,0.0,0.08697509765625,27.045285888,4.407790592,0.0,0.0
1502,MTLCompilerService,jachian,0.0,0.10943412780761719,0.113842392,0.062209228,0.0,0.0
1504,com.apple.accessibility.mediaaccessibilityd,jachian,0.0,0.017642974853515625,0.052145732,0.049501196,0.0,0.0
1505,com.apple.WebKit.Networking,jachian,0.0,0.2741813659667969,132.520083456,78.503641088,0.0,0.0
1506,com.apple.audio.SandboxHelper,jachian,0.0,0.028514862060546875,0.04163286,0.013900068,0.0,0.0
1507,SafariBookmarksSyncAgent,jachian,0.0,0.20728111267089844,11.782325248,5.635575296,0.0,0.0
1508,translationd,jachian,0.0,0.07915496826171875,6.862426624,1.285281536,0.0,0.0
1509,PasswordBreachAgent,jachian,0.0,0.08187294006347656,0.155081792,0.198880768,0.0,0.0
1510,SafariLaunchAgent,jachian,0.0,0.14901161193847656,0.050797408,0.042906732,0.0,0.0
1511,com.apple.Safari.SandboxBroker,jachian,0.0,0.21848678588867188,0.507908,0.522467424,0.0,0.0
1513,webinspectord,jachian,0.0,0.042057037353515625,0.727783744,0.479149184,0.0,0.0
1514,com.apple.CoreSimulator.CoreSimulatorService,jachian,0.0,0.07734298706054688,0.231652368,0.413691104,0.0,0.0
1516,ImageIOXPCService,jachian,0.0,0.039005279541015625,0.190776192,0.180784848,0.0,0.0
1519,com.apple.appkit.xpc.openAndSavePanelService,jachian,0.0,0.2567291259765625,1.596754688,1.35388608,0.0,0.0
1521,SafariNotificationAgent,jachian,0.0,0.14891624450683594,0.06598856,0.036271388,0.0,0.0
1522,QuickLookUIService,jachian,0.0,0.11391639709472656,0.370657952,0.37662064,0.0,0.0
1525,SimulatorTrampoline,jachian,0.0,0.075531005859375,0.131913488,0.1511872,0.0,0.0
1526,PlugInLibraryService,jachian,0.0,0.011539459228515625,0.006521746,0.012095342,0.0,0.0
1533,passd,jachian,0.0,0.12102127075195312,0.525573024,0.689333696,0.0,0.0
1543,com.apple.Safari.SafeBrowsing.Service,jachian,0.0,0.40073394775390625,14.606497792,3.270237952,0.0,0.0
1544,com.apple.Safari.SearchHelper,jachian,0.0,0.07944107055664062,2.254000128,1.097668736,0.0,0.0
1545,osanalyticshelper,root,0.0,0.06608963012695312,0.59851392,0.154330064,0.0,0.0
1553,webpushd,jachian,0.0,0.04210472106933594,0.038882776,0.028334128,0.0,0.0
1584,gamecontrolleragentd,jachian,0.0,0.04191398620605469,0.409553696,0.550605888,0.0,0.0
1601,com.apple.WebKit.WebContent,jachian,0.0,0.46482086181640625,76.733423616,35.829424128,0.0,0.0
1611,akd,root,0.0,0.059795379638671875,0.162585696,0.191102688,0.0,0.0
1612,com.apple.WebKit.WebContent,jachian,0.0,0.3542900085449219,5.52706304,2.482191616,0.0,0.0
1705,MTLCompilerService,jachian,0.0,0.013685226440429688,0.039378132,0.20235152,0.0,0.0
1706,distnoted,_rmd,0.0,0.012540817260742188,0.151163056,0.20725904,0.0,0.0
1707,InteractiveLegacyProfilesSubscriber,_rmd,0.0,0.06661415100097656,0.094643032,0.054687504,0.0,0.0
1708,systemstats,root,0.0,0.03304481506347656,0.093986384,0.191880656,0.0,0.0
1733,extensionkitservice,jachian,0.0,0.03218650817871094,0.028050528,0.030207824,0.0,0.0
1734,adprivacyd,jachian,0.0,0.10046958923339844,0.479044512,0.392741152,0.0,0.0
1736,SafariLinkExtension,jachian,0.0,0.06718635559082031,0.037882436,0.051091096,0.0,0.0
1738,CalendarFocusConfigurationExtension,jachian,0.0,0.08096694946289062,0.029281968,0.030884016,0.0,0.0
1739,MailShortcutsExtension,jachian,0.0,0.09675025939941406,0.03008326,0.033129682,0.0,0.0
1752,LegacyProfilesSubscriber,_rmd,0.0,0.06661415100097656,0.082827776,0.064376696,0.0,0.0
1753,MessagesActionExtension,jachian,0.0,0.08072853088378906,0.025596808,0.031296804,0.0,0.0
1764,mdbulkimport,_spotlight,0.0,0.05469322204589844,2.870202368,1.786515968,0.0,0.0
1765,mdworker,jachian,0.0,0.06046295166015625,0.21148768,0.323524512,0.0,0.0
1766,PasscodeSettingsSubscriber,_rmd,0.0,0.06656646728515625,0.080275152,0.05084502,0.0,0.0
1793,trustd,_spotlight,0.0,0.0335693359375,0.669894592,0.193655568,0.0,0.0
1794,assistant_service,jachian,0.0,0.26917457580566406,14.648547328,5.63813888,0.0,0.0
1795,AccountSubscriber,_rmd,0.0,0.056171417236328125,0.079794496,0.03108796,0.0,0.0
1805,ManagementTestSubscriber,_rmd,0.0,0.029039382934570312,0.081373464,0.0339507,0.0,0.0
1807,mdworker,_spotlight,0.0,0.04749298095703125,0.238546256,0.2716672,0.0,0.0
1826,weatherd,jachian,0.0,0.07739067077636719,0.183167136,0.261810432,0.0,0.0
1979,devicecheckd,jachian,0.0,0.023984909057617188,0.034754204,0.019422064,0.0,0.0
1993,storeaccountd,jachian,0.0,0.0919342041015625,0.103942352,0.046425208,0.0,0.0
2067,memoryanalyticsd,root,0.0,0.024461746215820312,0.014227765,0.0245432,0.0,0.0
2068,mobileactivationd,root,0.0,0.017261505126953125,0.031148822,0.018803168,0.0,0.0
2072,com.apple.WebKit.WebContent,jachian,0.0,2.4957656860351562,343.303716864,54.96088576,0.0,0.0
2097,com.apple.WebKit.GPU,jachian,0.0,0.13527870178222656,3.864750336,3.083559936,0.0,0.0
2110,reversetemplated,jachian,0.0,0.07271766662597656,0.138558048,0.16072136,0.0,0.0
2111,CrashReporterSupportHelper,root,0.0,0.0202178955078125,0.013231567,0.0247961,0.0,0.0
2137,MTLCompilerService,jachian,0.0,0.09212493896484375,0.072254992,0.020528904,0.0,0.0
2316,proactiveeventtrackerd,jachian,0.0,0.04124641418457031,0.176210352,0.092241952,0.0,0.0
2557,containermanagerd,_spotlight,0.0,0.013446807861328125,0.034068768,0.019678176,0.0,0.0
2591,tzd,root,0.0,0.028371810913085938,0.015544244,0.016225456,0.0,0.0
2712,EscrowSecurityAlert,jachian,0.0,0.09570121765136719,0.088306512,0.095936416,0.0,0.0
3304,csimporter,jachian,0.0,0.05779266357421875,0.021209492,0.024950358,0.0,0.0
3305,com.apple.mail.SpotlightIndexExtension,jachian,0.0,0.08592605590820312,0.02568211,0.03449634,0.0,0.0
3308,com.apple.Notes.SpotlightIndexExtension,jachian,0.0,0.10886192321777344,0.06325962,0.041861752,0.0,0.0
3309,MobileSMSSpotlightImporterCatalyst,jachian,0.0,0.16012191772460938,0.155358096,0.105890024,0.0,0.0
3403,ssh-agent,jachian,0.0,0.011730194091796875,0.180813968,0.043137948,0.0,0.0
4200,com.apple.WebKit.WebContent,jachian,0.0,0.5757331848144531,297.613262848,69.77490944,0.0,0.0
4230,com.apple.WebKit.WebContent,jachian,0.0,0.33011436462402344,1.608000256,1.184328192,0.0,0.0
4231,MTLCompilerService,jachian,0.0,0.11811256408691406,0.115904112,0.051957704,0.0,0.0
5450,MTLCompilerService,jachian,0.0,0.09331703186035156,0.081592208,0.031871088,0.0,0.0
5451,com.apple.WebKit.WebContent,jachian,0.0,0.36911964416503906,3.9010176,1.978544896,0.0,0.0
5480,com.apple.audio.SandboxHelper,jachian,0.0,0.028514862060546875,0.040060656,0.014666643,0.0,0.0
5498,CategoriesService,jachian,0.0,0.0461578369140625,0.03452184,0.036103184,0.0,0.0
5587,mediaanalysisd,jachian,0.0,0.2745628356933594,4.111065856,2.822807296,0.0,0.0
5764,MTLCompilerService,jachian,0.0,0.09999275207519531,0.093150232,0.044818112,0.0,0.0
5854,com.apple.WebKit.WebContent,jachian,0.0,0.36220550537109375,4.839340544,2.215906048,0.0,0.0
5882,com.apple.WebKit.WebContent,jachian,0.0,0.3638267517089844,2.313103616,1.1260704,0.0,0.0
5886,com.apple.WebKit.WebContent,jachian,0.0,0.3651142120361328,2.714085888,1.269111808,0.0,0.0
5904,com.apple.WebKit.WebContent,jachian,0.0,0.3687858581542969,5.888244736,2.739295232,0.0,0.0
5934,com.apple.WebKit.WebContent,jachian,0.0,0.32024383544921875,1.186792448,0.860977216,0.0,0.0
5950,com.apple.WebKit.WebContent,jachian,0.0,0.408172607421875,4.837534208,2.488753664,0.0,0.0
7545,QuickLookSatellite,jachian,0.0,0.20427703857421875,10.462893056,1.730201344,0.0,0.0
7578,MTLCompilerService,jachian,0.0,0.09503364562988281,0.051928512,0.026667336,0.0,0.0
7594,com.apple.WebKit.WebContent,jachian,0.0,0.42591094970703125,11.236939776,6.119662592,0.0,0.0
7595,MTLCompilerService,jachian,0.0,0.01430511474609375,0.087621632,0.021867308,0.0,0.0
7641,PlugInLibraryService,jachian,0.0,0.011491775512695312,0.005485323,0.011127032,0.0,0.0
7642,ThumbnailExtension_macOS,jachian,0.0,0.11730194091796875,0.14804968,0.062022356,0.0,0.0
7643,TextEdit,jachian,0.0,0.31685829162597656,30.80747008,4.994313728,0.0,0.0
7644,XprotectService,jachian,0.0,0.047397613525390625,0.044132564,0.023992388,0.0,0.0
7673,mdwrite,jachian,0.0,0.042057037353515625,0.04468074,0.048936712,0.0,0.0
7684,com.apple.appkit.xpc.openAndSavePanelService,jachian,0.0,0.25687217712402344,1.536433664,1.216412288,0.0,0.0
7685,QuickLookUIService,jachian,0.0,0.1140594482421875,0.387449216,0.390924512,0.0,0.0
8087,com.apple.audio.SandboxHelper,root,0.0,0.028514862060546875,0.027209084,0.012188198,0.0,0.0
8577,com.apple.WebKit.WebContent,jachian,0.0,0.8067607879638672,34.054672384,17.554417664,0.0,0.0
11508,CallHistorySyncHelper,jachian,0.0,0.08254051208496094,0.158425456,0.177804704,0.0,0.0
12440,MTLCompilerService,jachian,0.0,0.11963844299316406,0.207353984,0.065468472,0.0,0.0
16374,Code Helper (Plugin),jachian,0.0,0.35996437072753906,2.564467712,1.112019072,0.0,0.0
16395,Python,jachian,0.0,0.11043548583984375,2.807831552,0.7443344,0.0,0.0
16427,Python,jachian,0.0,0.020551681518554688,0.133709904,0.043937832,0.0,0.0
16440,Code Helper (Plugin),jachian,0.0,2.5867462158203125,65.586118656,7.09827072,0.0,0.0
19248,DropboxFileProvider,jachian,0.0,0.2010345458984375,14.487228416,4.67707136,0.0,0.0
19250,DropboxFileProviderCH,jachian,0.0,0.022220611572265625,0.0174034,0.03930652,0.0,0.0
19410,ShipIt,jachian,0.0,0.03800392150878906,0.012942644,0.015767413,0.0,0.0
19433,Code Helper (Plugin),jachian,0.0,0.17986297607421875,1.92101696,0.652214528,0.0,0.0
20117,Code Helper (Plugin),jachian,0.0,0.1301288604736328,0.783453888,0.45279296,0.0,0.0
21145,PowerChime,jachian,0.0,0.11348724365234375,0.219724352,0.276503456,0.0,0.0
21146,AquaAppearanceHelper,jachian,0.0,0.08497238159179688,0.14802504,0.175011616,0.0,0.0
23289,ASPCarryLog,root,0.0,0.04367828369140625,0.037953856,0.041288248,0.0,0.0
23291,backgroundassets.user,jachian,0.0,0.05125999450683594,0.02773306,0.063188448,0.0,0.0
23292,intelligenceplatformd,jachian,0.0,0.07596015930175781,0.238521024,0.371823584,0.0,0.0
23293,mapspushd,jachian,0.0,0.1178741455078125,1.257687296,0.686240256,0.0,0.0
23651,com.apple.WebKit.WebContent,jachian,0.0,0.2948284149169922,0.834431296,0.541532096,0.0,0.0
24716,tipsd,jachian,0.0,0.12154579162597656,0.46849216,0.526830112,0.0,0.0
24726,dprivacyd,root,0.0,0.04858970642089844,0.101465672,0.076004176,0.0,0.0
24756,sirittsd,jachian,0.0,0.07061958312988281,0.134399824,0.12193964,0.0,0.0
24798,appleaccountd,jachian,0.0,0.08215904235839844,0.1227104,0.178797008,0.0,0.0
24821,microstackshot,root,0.0,0.031375885009765625,0.015088836,0.024970272,0.0,0.0
24841,localizationswitcherd,jachian,0.0,0.03848075866699219,0.0129199,0.021429832,0.0,0.0
24842,GameControllerConfigService,_gamecontrollerd,0.0,0.026798248291015625,0.079942832,0.04157016,0.0,0.0
24844,AssetCacheLocatorService,_assetcache,0.0,0.04711151123046875,0.139644416,0.146521168,0.0,0.0
24845,com.apple.StreamingUnzipService,_nsurlsessiond,0.0,0.026416778564453125,0.194647392,0.447561664,0.0,0.0
24884,periodic-wrapper,root,0.0,0.00209808349609375,0.003527486,0.010264171,0.0,0.0
25001,RemoteManagementAgent,jachian,0.0,0.04687309265136719,0.123554632,0.11954964,0.0,0.0
25002,InteractiveLegacyProfilesSubscriber,jachian,0.0,0.06685256958007812,0.088040072,0.119279704,0.0,0.0
25006,LegacyProfilesSubscriber,jachian,0.0,0.06685256958007812,0.058983452,0.03796298,0.0,0.0
25007,PasscodeSettingsSubscriber,jachian,0.0,0.06680488586425781,0.086841632,0.04624818,0.0,0.0
25008,AccountSubscriber,jachian,0.0,0.06852149963378906,0.08236764,0.041600176,0.0,0.0
25009,ManagementTestSubscriber,jachian,0.0,0.03170967102050781,0.060591068,0.029995192,0.0,0.0
25122,sysdiagnose,root,0.0,0.03314018249511719,0.012394264,0.029934936,0.0,0.0
25127,AMPArtworkAgent,jachian,0.0,0.08387565612792969,0.029456774,0.02684636,0.0,0.0
25313,proactived,jachian,0.0,0.04324913024902344,0.037698744,0.048429236,0.0,0.0
25370,media-indexer,jachian,0.0,0.16579627990722656,1.578863488,1.498146432,0.0,0.0
25371,AMPLibraryAgent,jachian,0.0,0.16260147094726562,0.98613632,0.872685312,0.0,0.0
25372,PodcastContentService,jachian,0.0,0.06394386291503906,0.031361124,0.08465204,0.0,0.0
25373,com.apple.BKAgentService,jachian,0.0,0.07381439208984375,0.107499536,0.1335804,0.0,0.0
25375,com.apple.audio.SandboxHelper,jachian,0.0,0.028514862060546875,0.058357904,0.02431986,0.0,0.0
25421,ospredictiond,root,0.0,0.06008148193359375,0.028585108,0.043663072,0.0,0.0
26610,com.apple.WebKit.WebContent,jachian,0.0,0.4417896270751953,16.584093696,6.093403648,0.0,0.0
26614,com.apple.WebKit.WebContent,jachian,0.0,0.3756523132324219,3.283707136,1.629500928,0.0,0.0
26620,MTLCompilerService,jachian,0.0,0.0995635986328125,0.116312744,0.046503336,0.0,0.0
29328,com.apple.WebKit.WebContent,jachian,0.0,0.49076080322265625,17.174148096,4.679386624,0.0,0.0
29340,com.apple.WebKit.WebContent,jachian,0.0,0.4061698913574219,6.3742976,2.873477632,0.0,0.0
32153,com.apple.WebKit.WebContent,jachian,0.0,0.4684925079345703,9.394543616,3.606774016,0.0,0.0
32160,MTLCompilerService,jachian,0.0,0.11224746704101562,0.158705888,0.04098564,0.0,0.0
32161,com.apple.WebKit.WebContent,jachian,0.0,0.5903244018554688,51.130441728,14.044491776,0.0,0.0
32204,MTLCompilerService,jachian,0.0,0.12316703796386719,0.242750448,0.0642232,0.0,0.0
32396,com.apple.WebKit.WebContent,jachian,0.0,0.40764808654785156,3.926980096,2.130870784,0.0,0.0
34203,VTDecoderXPCService,jachian,0.0,0.048160552978515625,0.111408424,0.123289816,0.0,0.0
34211,metrickitd,jachian,0.0,0.02803802490234375,0.035331216,0.023133574,0.0,0.0
34249,contactsdonationagent,jachian,0.0,0.10685920715332031,3.965769984,0.8748336,0.0,0.0
34257,XProtect,root,0.0,0.013971328735351562,0.009551624,0.030900494,0.0,0.0
34258,XProtectPluginService,root,0.0,0.030612945556640625,0.207120992,0.227683488,0.0,0.0
34588,com.apple.WebKit.WebContent,jachian,0.0,0.3948688507080078,3.012361984,1.593482624,0.0,0.0
34591,MTLCompilerService,jachian,0.0,0.10919570922851562,0.218356368,0.050643816,0.0,0.0
39061,MTLCompilerService,jachian,0.0,0.1216888427734375,0.08433408,0.054339704,0.0,0.0
39435,com.apple.WebKit.WebContent,jachian,0.0,0.3867626190185547,6.9528704,3.021548544,0.0,0.0
39523,com.apple.WebKit.WebContent,jachian,0.0,0.36339759826660156,0.486170592,0.186756576,0.0,0.0
39525,MTLCompilerService,jachian,0.0,0.11258125305175781,0.06013656,0.028073646,0.0,0.0
39547,com.apple.WebKit.WebContent,jachian,0.0,0.43964385986328125,2.231492608,1.22265856,0.0,0.0
39548,MTLCompilerService,jachian,0.0,0.10437965393066406,0.090966816,0.028958076,0.0,0.0
39556,com.apple.WebKit.WebContent,jachian,0.0,0.3451824188232422,4.8422528,2.423459072,0.0,0.0
39571,MTLCompilerService,jachian,0.0,0.12288093566894531,0.1494576,0.034630544,0.0,0.0
39587,com.apple.WebKit.WebContent,jachian,0.0,0.36869049072265625,3.415085312,1.58100352,0.0,0.0
39632,com.apple.WebKit.WebContent,jachian,0.0,0.3540992736816406,5.260683264,2.1585664,0.0,0.0
39633,com.apple.WebKit.WebContent,jachian,0.0,0.3429889678955078,2.8610816,1.486565888,0.0,0.0
39678,com.apple.WebKit.WebContent,jachian,0.0,0.32057762145996094,2.274002176,0.787105856,0.0,0.0
39684,MTLCompilerService,jachian,0.0,0.12273788452148438,0.163871712,0.047376296,0.0,0.0
39692,MTLCompilerService,jachian,0.0,0.10733604431152344,0.267229824,0.042608628,0.0,0.0
39693,com.apple.WebKit.WebContent,jachian,0.0,0.35195350646972656,6.912336896,1.459311744,0.0,0.0
39694,MTLCompilerService,jachian,0.0,0.10738372802734375,0.26224728,0.035096616,0.0,0.0
39705,MTLCompilerService,jachian,0.0,0.11343955993652344,0.132936528,0.0299221,0.0,0.0
40094,MTLCompilerService,jachian,0.0,0.12054443359375,0.084880952,0.033328972,0.0,0.0
40622,com.apple.WebKit.WebContent,jachian,0.0,0.5950927734375,12.677767168,3.904575488,0.0,0.0
40623,com.apple.WebKit.WebContent,jachian,0.0,0.3724098205566406,3.1632832,1.242185344,0.0,0.0
40629,MTLCompilerService,jachian,0.0,0.11882781982421875,0.220677408,0.039629376,0.0,0.0
41235,griddatad,root,0.0,0.05249977111816406,0.01672475,0.031642764,0.0,0.0
41247,IMAutomaticHistoryDeletionAgent,jachian,0.0,0.10666847229003906,0.054598884,0.112110664,0.0,0.0
41274,com.apple.photos.ImageConversionService,jachian,0.0,0.16570091247558594,0.233532208,0.230944432,0.0,0.0
41277,MessagesBlastDoorService,jachian,0.0,0.09198188781738281,0.21107576,0.169679264,0.0,0.0
41424,avatarsd,jachian,0.0,0.12836456298828125,0.194146608,0.336543296,0.0,0.0
41485,PerfPowerServices,root,0.0,0.15611648559570312,3.481855488,2.100216448,0.0,0.0
41891,Terminal,jachian,0.0,0.41146278381347656,2.688592128,1.0702032,0.0,0.0
41892,login,jachian,0.0,0.03361701965332031,0.010437205,0.048503424,0.0,0.0
41893,zsh,jachian,0.0,0.01201629638671875,0.053871996,0.073241152,0.0,0.0
41966,com.apple.WebKit.WebContent,jachian,0.0,0.5152702331542969,11.913755648,5.38345728,0.0,0.0
42583,remindd,jachian,0.0,0.16379356384277344,0.822625984,0.55439008,0.0,0.0
43448,com.apple.WebKit.WebContent,jachian,0.0,0.5054950714111328,3.847415552,1.03381024,0.0,0.0
43449,MTLCompilerService,jachian,0.0,0.12140274047851562,0.180437424,0.030963074,0.0,0.0
43907,com.apple.WebKit.WebContent,jachian,0.0,0.3627300262451172,1.17884288,0.441231712,0.0,0.0
44080,com.apple.WebKit.WebContent,jachian,0.0,0.22945404052734375,0.066671696,0.072398688,0.0,0.0
44827,VirtualBoxVM,jachian,0.0,25.01826286315918,982.480715776,108.686884864,0.0,0.0
45792,mdworker_shared,jachian,0.0,0.1663684844970703,0.15179552,0.06098624,0.0,0.0
45804,mdworker_shared,jachian,0.0,0.16570091247558594,0.109807168,0.053899944,0.0,0.0
46017,sudo,root,0.0,0.041866302490234375,0.007638496,0.011801148,0.0,0.0
46018,Python,root,0.0,0.12969970703125,0.146015328,0.120391456,0.0,0.0
